subtitle,title,schedule,content,img,도로명주소,위도,경도
네가 와서 꽃이고 봄(春)이다,개암동 벚꽃축제,2024.03.30 ~ 2024.03.31,개암동 벚꽃축제는 청년사찰 개암사를 비롯한 지역문화유산과 함께하는 문화축제이다. 지역 농특산물 판매 및 주민참여형 먹거리 장터 운영과 동아리 및 지역민의 기부공연으로 관광객 다양한 볼거리를 제공하고 있다. 또한 개암동 벚꽃축제는 모두가 안전하고 쾌적하게 즐기는 거리형 봄축제이다. ,https://kfescdn.visitkorea.or.kr/kfes/upload/contents/db/5a8213ea-a65e-44d6-b5c0-23f6417c6560_2.PNG,전북특별자치도 부안군 상서면 감교리 869-81 일원,35.65993,126.6592
"설레나, 봄",고창 벚꽃축제,2024.03.29 ~ 2024.03.31,"설레나, 봄 고창 벚꽃축제는 고창군의 대표 관광지인 석정 지구에서 펼쳐지는 축제로 따스한 봄날 만발한 벚꽃 아래서 느껴지는 설레임이 가득한 축제이다. 축제장을 둘러싼 1km 가량의 벚꽃 터널과 축제장 가는 길에 펼쳐진 2km의 벚꽃길의 아름다운 풍경이 있다. 고창 벚꽃 축제는 야간에도 운영되며 낮과는 또다른 설레임을 선사한다. 축제장에는 여러 포토존과 아름다운 조명 아래서 인생샷을 건질 수 있는 스팟들이 준비되어있다. 이외에도 다양한 먹거리와 프로그램으로 관람객에게 많은 즐길거리를 선사한다.",https://kfescdn.visitkorea.or.kr/kfes/upload/contents/db/b9572596-dd6c-481f-b73a-544f81b6fee8_3.jpg,전북특별자치도 고창군 고창읍 석정2로 171,35.4315994,126.7398162
"김제 봄날에서 만나는 잔잔한 꽃빛 감동을 만나는 축제	",김제 꽃빛드리 축제,2024.03.29 ~ 2024.03.31,"폭 넓은 김제 지역민 참여로 만드는 민간 주도 지향 축제이다.  유명 스타 공연, 화려한 장식 등의 대규모 연출 간소화하였다. 환경친화적 운영을 통한 ESG 가치 실현을 위해 재활용 현수막 및 포토존 제작, 친환경 제품을 사용했으며, 술 판매가 없는, 안심하고 즐기는 안전한 축제로 개최하였다. 소득 창출형 프로그램 운영을 통한 지역경제 활성화에 기여하기 위해 로컬푸드 직거래장터 등 판매부스 및 체험부스 다양화하였다.",https://kfescdn.visitkorea.or.kr/kfes/upload/contents/db/fb7960a3-cfde-4c88-8ee9-0f33928808d4_3.jpg,전북특별자치도 김제시 도작로 219-25 (검산동),35.812135,126.9018757
정읍천 벚꽃길을 따라 수놓는 정읍 벚꽃축제,정읍 벚꽃축제,2024.03.28 ~ 2024.04.01,"약 4km 구간에 피는 2,000여 그루의 벚꽃이 정읍천을 화려하게 수놓고, 하얀 벚꽃과 색색의 봄꽃들이 조화를 이룬다. 정읍 벚꽃축제에서 봄날의 설렘을 만끽할 수 있으며, 흩날리는 벚꽃잎을 맞으며 행복한 미소를 짓는 사람들로 가득하다. 다채로운 공연과 간식 먹거리, 색다른 체험들이 준비되어 있다.",https://kfescdn.visitkorea.or.kr/kfes/upload/contents/db/03b6ab23-d30c-43db-ac98-1496ae251bda_3.png,전북특별자치도 정읍시 벚꽃로 401 (시기동),35.561271,126.8557068
깨끗한 봄을 마시자,진안고원 운장산 고로쇠축제,2024.03.09 ~ 2024.03.10,"해발 600m 이상의 청정지역 운장산 자락에서 까다로운 기후 조건 토대로 2월에서 3월 사이 짧은 기간에만 채취하는 고로쇠 수액은 칼륨, 마그네슘, 칼슘 등 많은 무기 성분이 포함되어 있다. 이러한 고로쇠 수액은 당일 정제를 원칙으로 우수한 품질을 자랑하고 있으며 생산자, 생산시기, 생산지, 유통기한 등을 표기하여 소비자가 믿고 마실 수 있도록 철저한 관리를 하고 있다. 이러한 우수한 품질의 고로쇠 수액을 채취하는 작목반에서 이번 축제 기간 직접 판매행사를 진행한다.",https://kfescdn.visitkorea.or.kr/kfes/upload/contents/db/ee1a067a-6d05-4066-8b4a-1fb8003409d9_3.png,전북특별자치도 진안군 주천면 대불리 75-1,35.98381,127.3883
"풍성한 프로그램이 한가득, 정월 대보름 맞이 행사	",순창달달놀이,2024.02.24 ~ 2024.02.24,"2024년 2월 24일(토) 순창발효테마파크 일원에서 정월 대보름 맞이 행사 <2024 순창달달놀이>가 열린다. 해당 행사에서는 아이부터 어른까지 전 연령층이 함께 즐길 수 있는 다채로운 프로그램들이 진행된다. 우리나라 전통 명절 중 하나인 정월 대보름의 의미를 되새기고, 한 해의 건강과 풍요를 비는 행사이다.",https://kfescdn.visitkorea.or.kr/kfes/upload/contents/db/2bf31410-3b9f-4ba9-81f3-b959838d9845_3.jpg,전북특별자치도 순창군 순창읍 장류로 55,35.3678634,127.1110969
갑진년 새해복많이받으세요 ,작은문화축전,2024.02.09 ~ 2024.02.12,2024 푸른용의 해 갑진년을 맞이하여 국립전주박물관에서 작은문화축전이 진행된다.,https://kfescdn.visitkorea.or.kr/kfes/upload/contents/db/49184d63-fc3d-4fc2-a7af-ac45c6a70cb4_3.jpg,전북특별자치도 전주시 완산구 쑥고개로 249 (효자동2가),35.8013325,127.089717
<2024 순창맛페스타>에서 맛의 향연이 펼쳐집니다!,순창맛페스타,2024.01.20 ~ 2024.01.21,"오는 1월 20일(토)~1월 21일(일) 2일간 순창발효테마파크 일원에서 신년맞이 복, 건강기원 <2024 순창맛페스타>를 개최한다. 다채로운 프로그램과 주변에 펼쳐지는 경관을 통해 순창의 맛과 멋을 느껴볼 수 있다.",https://kfescdn.visitkorea.or.kr/kfes/upload/contents/db/4699ee4d-afb7-4e7f-bb04-13ca59a16c78_3.jpg,전북특별자치도 순창군 순창읍 장류로 55,35.3678634,127.1110969
" '진'짜 맛있는데, '안' 올거야?",진안고원 김치보쌈축제,2023.11.18 ~ 2023.11.19,"전통적으로 내려오고 있는 김장문화를 축제와 접목시켜 무너져가는 가족공동체의 참된 의미를 되새기는 장을 마련하고, 진안고원시장과 연계한 축제 추진으로 재래시장 활성화와 지역의 고랭지 배추 및 기타 양념브랜드 판매 활성화한다. ",https://kfescdn.visitkorea.or.kr/kfes/upload/contents/db/6f06d9ff-2f4a-4c99-ac44-92d831c88e77_3.jpg,전북특별자치도 진안군 진안읍 군상리 479-24,35.79386,127.4287
"스담스담, 고창 '고창의 스토리를 담다, 치유의 스마일을 담다'",고창문화도시 치유문화축제,2023.11.03 ~ 2023.11.05,"치유문화축제는 차세대 치유문화의 중심지 고창에서 열리는 첫번째 축제다. 국내외 관람객들에게 차별화된 치유 문화 경험의 장을 제공 한다. 치유 문화 체험, 플리마켓, 복분자 와인과 함께하는 치유 음악 콘서트 외 다양한 프로그램이 준비되어 있다.",https://kfescdn.visitkorea.or.kr/kfes/upload/contents/db/838dd9ec-6a5e-4434-9d05-672024e8df37_2.jpg,전북특별자치도 고창군 아산면 선운사로 242-86 고창군 선운산 도립공원 잔디마당 일원,35.4995083,126.5790103
,동아시아문화도시 전주 폐막식 ,2023.11.02 ~ 2023.11.02,"동아시아문화도시는 한·중·일 3국간 문화다양성 존중이라는 기치 아래, ""동아시아의 의식, 문화교류와 융합, 상대문화 이해""의 정신을 실천하기 위해 매년 개최하는 문화교류 행사이다. 2023년 동아시아문화도시로는 한국 전주시, 중국 청두시와 메이저우시, 일본 시즈오카현이 선정되었다. 연중 펼쳐지는 한·중·일 3국의 다채로운 문화교류행사에 여러분의 많은 관심과 참여 부탁한다.",https://kfescdn.visitkorea.or.kr/kfes/upload/contents/db/cb97ed5a-69ed-48f6-9aac-5d333f7a7732_2.jpg,전북특별자치도 전주시 완산구 서학로 95 (동서학동),35.8098366,127.1589131
마을과 함께 신나는 예술문화축제를!,낭만 프린지 무주,2023.10.28 ~ 2023.10.30,"낭만 프린지 무주는 프린지 페스티벌의 꽃인 거리예술과 시각예술 등에 무주지역의 특성을 살려 무주 산골 마을만의 매력과 낭만, 공간적, 문화적 잠재력을 새롭고 특별한 방식으로 선보이는 문화예술축제이다.오랜 시간 무심하게 존재해 온 지역의 다양한 공간들을 특별하고 개성 있는 공간으로 새롭게 탄생시켜 산골마을의 공간적 매력을 재발견 할 수 있는 마을 친화적인 축제이다.또한, 무주를 중심으로 다양하게 활동하는 문화예술가들을 발굴, 지원, 소개함으로써 무주 예술문화의 장에 새로운 활력을 불어넣는다.무주의 지역 시장 등과 무주의 예술문화 콘텐츠가 함께 어우러지며 지역결제를 활성화 시키고, 무주 청년 커뮤니티와 함께 농촌의 가치와 필요성을 재발견하는 축제이다.",https://kfescdn.visitkorea.or.kr/kfes/upload/contents/db/c1711b1d-9812-4064-9ba5-90fa908e6110_3.png,전북특별자치도 무주군 안성면 안성로 246-17,35.8634487,127.6530875
"행복을 꿈꾸는 당산길	",부안문화재야행,2023.10.20 ~ 2023.10.21,"부안 문화재 야행은 문화재 집적·밀집된 지역을 거점으로 지역의 특색있는 역사문화자원을 활용한 문화재 야간관람(개방), 체험, 공연, 전시 등으로 이루어진 문화재 야간문화 향유 프로그램이다. 부안읍 내의 당산을 비롯한 문화재를 활용한 8夜를 가족과 친구, 연인간의 행복한 추억을 만들수 있도록 풍성한 프로그램이 준비되어 있다.",https://kfescdn.visitkorea.or.kr/kfes/upload/contents/db/4a26d8a4-1577-4b87-84ca-7bb44c1945da_3.jpg,전북특별자치도 부안군 당산로 91 부안군청,35.731755,126.733199
,고창모양성제,2023.10.19 ~ 2023.10.23,"고창읍성(모양성)은 조선 단종 원년(1453년) 왜침을 막기 위하여 유비무환의 슬기로 축성한 자연석 성곽이다.고창 모양성제는 유비무환 정신으로 축성한 뜻깊은 조상의 애국심을 고취시키고 향토문화를 계승 발전시키며, 고창군민의 긍지와 애향심을 높이기 위해 1973년부터 열리고 있다. 축제 대표 프로그램으로는 답성놀이와 강강술래, 거리퍼레이드가 있고 공연 프로그램으로는 ‘MZ와 함께하는 모양성제’, ‘청소년 댄스페스티벌’ 등이 열리며 지역연계 첨단 CT 실증사업을 곁들인 야간 멀티미디어쇼도 준비되어 있다. 읍성 내에서는 ‘BACK TO THE 1453’을 주제로 전통놀이체험, 3성 6치 12방 프로그램(스탬프투어) 등 남녀노소 누구나 즐길 수 있는 체험 프로그램이 진행된다. 또한 함께 먹고 즐길 수 있는 다양한 먹거리가 준비되어 있다.",https://kfescdn.visitkorea.or.kr/kfes/upload/contents/db/53d646d1-9565-4c14-8888-81359ac8867a_2.jpg,전북특별자치도 고창군 고창읍 모양성로 1 고창읍성(모양성) 일원,35.4316118,126.7042083
"노을을 보면 떠오르고, 다시 찾고 싶은 부안",부안붉은노을축제,2023.10.13 ~ 2023.10.15,"10월 13일~15일 3일간 개최되는 '2023 부안붉은노을축제'는 서해에서 노을이 아름답기로 유명한 부안군 변산 해수욕장에서 진행되며 붉은노을과 함께하는 레드와인 페스타, 부안 선셋 재즈콘서트, 제1회 부안붉은노을동요제, 스카이갤러리(대형 연, 야간 LED연 전시), 붉은노을 상징 모래조각 등 여러 연계행사들이 모여 다채로운 즐길거리로 구성될 예정이며, 누구나 자유롭게 관람 및 참여 가능하다.",https://kfescdn.visitkorea.or.kr/kfes/upload/contents/db/d596ab59-9f1c-43b7-b349-3bb4d6e6d2e0_3.jpg,전북특별자치도 부안군 변산로 2100,35.6786745,126.5303407
우리 식문화의 중심인 “장”을 소재로 전통과 현대가 어우러지는 세대공감형 축제,순창장류축제,2023.10.13 ~ 2023.10.15,"전북특별자치도 순창은 한국의 전통소스인 ‘장’으로 유명한 고장이다. 순창에서 매년 가을 한국의 전통장류를 소재로 한 순창장류축제가 열린다. 전통장류를 소재로 한 체험 프로그램과 문화공연, 전시 및 판매 등 약 60여개의 다양한 프로그램들이 진행되며, 순창고추장으로 만든 매콤하고 감칠맛 넘치는 음식들을 맛볼 수 있다. ‘순창고추장 임금님 진상행렬’ 퍼포먼스와 모두 모여 순창고추장을 만드는 체험, 순창 고추장으로 만든 떡볶이를 나눠 먹는 행사 등 순창장류축제만의 특별하고 재미있는 프로그램들도 선보인다. 어른들을 위한 건강힐링체험, 아이들을 위한 다양한 만들기 체험 프로그램이 준비되어 있다.[축제TIP] 순창이란?순창은 천혜의 자연환경과 장류문화의 역사가 살아 숨쉬는 고장으로 대한민국의 대표 먹거리 고추장의 본 고장이기도 하다.",https://kfescdn.visitkorea.or.kr/kfes/upload/contents/db/f3026b60-0634-49ef-9ccb-8fb68d0e09a5_3.jpg,전북특별자치도 순창군 순창읍 장류로 55 순창전통고추장민속마을 및 순창발효테마파크 일원,35.3678634,127.1110969
"책 읽는 도시 글 쓰는 전주, 책 생태계와 독서공동체가 함께 만들고 즐기는 전주독서대전",전주독서대전,2023.10.13 ~ 2023.10.15,"전주독서대전은 대한민국 최대 규모 책 축제로, 올해는 2023년 10월 13일(금)부터 10월 15일(일)까지 전주한벽문화관, 완판본문화관 일원에서 진행된다.",https://kfescdn.visitkorea.or.kr/kfes/upload/contents/db/518c24d3-309a-40a1-90a0-01dc354772c7_3.jpg,전북특별자치도 전주시 완산구 전주천동로 20 전주한벽문화관,35.8122083,127.1586625
시대를 반영한 전주의 문화를 선사하다. 국민이 선택한 최고의 야간 프로그램!,전주문화재야행 '풍패지향 왕의 궁원을 거닐다',2023.10.13 ~ 2023.10.14,"2023 전주문화재야행이 오는 10월 13일부터 14일에 걸쳐 펼쳐진다. ‘풍패지향 왕의 궁원을 거닐다’라는 슬로건으로 진행되는 프로그램은 8夜(야)를 주제로 세부 프로그램으로 나뉘어 진행된다. 올해 전주문화재야행은 세부 프로그램별 매력을 더욱 강화하고, 직접 참여 프로그램을 확대함으로써, 시민과 관광객이 함께 소통하며 즐길 수 있도록 구성된다.",https://kfescdn.visitkorea.or.kr/kfes/upload/contents/db/697f4800-8c4d-4740-bfe6-51ad34192f31_3.png,전북특별자치도 전주시 완산구 전라감영로 55 (중앙동4가),35.8165977,127.1459272
,"남원문화재야행 '광한청허부, 달나라궁전으로 초대'",2023.10.07 ~ 2023.10.09,"현재의 광한루는 황희가 짓고 광통루라고 이름지었는데 후에 정인지가 달나라의 궁전인 광한청허부를 닮았다 하여 광한루라 부르게 되었다.10월 7일부터 9일까지 펼쳐지는 2023 남원문화재야행은 “광한청허부, 달나라궁전으로 초대”라는 주제를 가지고 신선의 세계관과 천상의 우주관을 담아 옥황상제와 견우직녀의 이야기를 풀어낼 예정이다. 광한루의 아름다움을 극대화할 판타지 퍼포먼스인 ‘옥황상제 광한청허부’ 관람객들과 함께하는 대동한마당 ‘월궁 강강수월래’ 그리고 재미있는 체험이 가득한 ‘월궁체험마당’등 다채로운 프로그램이 준비되어있는 광한루원의 신비로움 속으로 여러분을 초대한다.",https://kfescdn.visitkorea.or.kr/kfes/upload/contents/db/35828b1d-db39-47c3-80c8-636ae4b858bc_3.jpg,전북특별자치도 남원시 요천로 1447 광한루,35.4032843,127.3795144
"흥부가 예술이야	",남원흥부제,2023.10.07 ~ 2023.10.09,"남원시 인월면 성산리와 아영면 성리는 <흥부전>의 발상지로 알려져있는데, 오래전부터 두 지역에 전해 내려오는 박첨지 설화와 춘보 설화에 근거하여 <흥부전>이 지어졌다고 한다. 남원시는 '흥부제'라는 이름으로 축제를 기획하여 1993년부터 매년 흥부제를 개최하고 있다. 흥부제는 흥부전에 담긴 <우애, 나눔, 보은, 행운>을 주제로 하고있으며, 전통문화를 현대적으로 해석한 축제 행사로 지역민과 관광객에게 볼거리와 체험거리를 제공하고 있다.",https://kfescdn.visitkorea.or.kr/kfes/upload/contents/db/35828b1d-db39-47c3-80c8-636ae4b858bc_3.jpg,전북특별자치도 남원시 양림길 12 춘향테마파크  사랑의광장 및 야외무대,35.402538,127.3860646
"
",전주예술난장,2023.10.07 ~ 2023.10.09,"전주예술난장은 동아시아문화도시 전주에서 진행되는 거리예술페스티벌로써, 대형퍼포먼스부터 소형퍼포먼스까지 남녀노소 모두가 문화예술을 향유할수 있는 다양한 장르가 운집한 문화예술축제이다. 또한 해외 동아시아의 아티스트들까지 섭외하여 더욱더 폭넓은 예술의 '판'을 준비하였으며 경계없는 문화의 '장'을 선사한다.",https://kfescdn.visitkorea.or.kr/kfes/upload/contents/db/9aea2c83-14ea-40e6-85d9-a3e8cfce3432_3.jpg,전북특별자치도 전주시 완산구 기린대로 99 (남노송동),35.8182902,127.1536613
"한지로 잇고 미래로 세계로	",전주한지문화축제,2023.10.07 ~ 2023.10.09,"1997년 시작으로 천년전주 한지의 우수성을 널리 알리고, 전통한지공예 경진대회를 통하여 전국의 우수 공예인을 발굴하는 한편, 전주한지 산업화에 기여한다. 한지가 가지는 다양한 기능을 문화로 재해석하여 천년동안 사람과 함께했던 한지를 축제를 통해 표현하고 전주한지의 비전을 제시하고 교류하는 축제이다.",https://kfescdn.visitkorea.or.kr/kfes/upload/contents/db/9aea2c83-14ea-40e6-85d9-a3e8cfce3432_3.jpg,전북특별자치도 전주시 완산구 현무1길 20 (경원동3가) 한지산업지원센터 1층,35.8205657,127.1482307
"근대 군산을 중심으로 더 과거로, 더 미래로의 시간여행을 구현하는 종합 역사문화관광축제",군산시간여행축제,2023.10.06 ~ 2023.10.09,"민간주도형 축제인 군산시간여행축제는 매년 소주제를 정해(2023년도 근대 군산의 맛) 근대역사문화의 정체성을 보다 집중적으로 구현하고, 시간여행 퍼레이드, 군산대한독립만세 미션게임, 군산공룡대탐험, 우리 모두 3.5만세, 모아모아 시간, 군산항 밤부두콩쿠르 등 과거와 미래까지 아우르는 다양한 컨텐츠의 프로그램 등을 진행하는 축제이다.",https://kfescdn.visitkorea.or.kr/kfes/upload/contents/db/df4f7cad-bf38-4608-9062-2d47fb5ed92d_3.jpg,전북특별자치도 군산시 중앙로1가 11-1 전북 군산시 중앙로1가 11-1,35.9877641,126.7116771
"일상에서 즐길 수 없는 더 와일드하고 더 로컬푸드한 축제		",완주 와일드&로컬푸드축제,2023.10.06 ~ 2023.10.08,"제11회 완주와일드&로컬푸드축제가 '더 와일드하게! 더 로컬푸드하게!라는 비전과, '내 삶에 일탈을 선물하세요' 라는 슬로건으로 10월 6일(금)부터 10월 8일(일)까지 3일간 고산자연휴양림 일원에서 펼쳐진다. 드론공연, 개막식 축하공연(홍진영, 정동원), EDM맥주파티(박명수, 코요태) 등 다양한 공연이 펼쳐지며 아이들의 모험심을 자극하는 트리클라이밍, 리틀와푸족, 맨손물고기잡기, 와일드익스트림레이스, SUP패들보드 체험, 노르딕워킹대회 등 남녀노소가 온몸으로 참여하고 즐길 수 있는 더 와일드한 프로그램을 제공한다.",https://kfescdn.visitkorea.or.kr/kfes/upload/contents/db/03f52860-d5ec-4e72-b808-62db3d874881_2.jpg,전북특별자치도 완주군 고산휴양림로 246 고산휴양림,35.9622356,127.2329044
"다채롭고 조화롭게 어우러져 새로움을 창조하는 전주 비빔밥 축제, '전주味로' '비빔is'",전주비빔밥축제,2023.10.06 ~ 2023.10.09,"2023 전주 비빔밥축제는 다양한 확장성을 가진 한국의 맛과 멋을 대표하는 대표 음식 관광 문화 축제로 유네스코 음식창의문화도시, 글로벌 문화관광 도시 전주시의 브랜딩化를 추구하는 축제이다. 전주의 대표 미식축제이며 시민 화합의 장을 마련하고 전주의 다양한 음식문화 콘텐츠와 관광자원을 활용, 맛과 멋이 있는 대한민국 ‘대표 음식관광축제’로 전주 맛의 길을 열어 간다.",https://kfescdn.visitkorea.or.kr/kfes/upload/contents/db/ac54bb1a-28dd-443e-b27a-2c03ef912d1e_3.jpg,전북특별자치도 전주시 덕진구 기린대로 451 전주종합경기장,35.8389977,127.1263112
"10월의 축제 시즌 ""전주페스타 2023""을 여는 맛, 멋, 열정의 전주대표축제",전주페스타 오프닝 축제 ,2023.10.06 ~ 2023.10.09,"전주페스타 2023(10월 축제 시즌_전주의 맛에 취하라!)의 시작을 대대적으로 알리는 오프닝 축제로 화려하게 펼쳐지는 초대형 멀티미디어&드론쇼, 전주 찾은 벨리곰, 맛있는 전주 음식과 함께하는 가을 가맥파티, 전통놀이랜드, 전주갬성 디저트, 가을밤 클럽(디제잉)까지 전통과 현대를 아우르며 맛, 멋, 열정을 주제로 한 전주만의 콘텐츠로 다채롭게 구성된다. 특히 2023년에는 전주페스타 2023 오프닝축제와 전주비빔밥축제의 동시 개최로 더욱 풍성한 전주의 맛을 느낄 수 있다.",https://kfescdn.visitkorea.or.kr/kfes/upload/contents/db/24e592fb-3856-4d3a-b155-b6d16d1b51bf_3.jpg,전북특별자치도 전주시 덕진구 기린대로 451 (덕진동1가) 전주종합경기장 일원,35.8389977,127.1263112
"드넓은 분홍빛 갈대밭, 고창청농원의 핑크뮬리가든을 소개합니다!",고창청농원 핑크뮬리가든,2023.09.22 ~ 2023.11.05,"��ĐX� �=p �Lt� \ �=����  DD �D Ql��܌D \\�.���X Ql�� �@ 5000��� x\ �M  -� �\ ą  DC�\ ��0� � � Ql[ <�\ � D t��.�DX  t�x �@ D  �Dt|� ;X '��(��) �D'� 0( �x ���@ 2���X @ ��  �| � \ �\ \%  T, 쉐�X |0 , � � �M[ <�X Ql�� �, �[ �0| 8@ |�T �(5�-6Խ)t p1� ��. w� �H ��X� J� ��� �Lx� p� � �\ �tD $XX <� �� � ��� ��  ��. \%X @ ��� Dt�@ $�<� h� �� ��4 28�  �4 2� �� t� �G� ��| ��D �0 �� hW\ �� �� �� l��  ܔ �t 8 ��\�.",https://kfescdn.visitkorea.or.kr/kfes/upload/contents/db/24e592fb-3856-4d3a-b155-b6d16d1b51bf_3.jpg,전북특별자치도 고창군 공음면 청천길 41-27,35.3736035,126.5350615
"건강과 힐링, 즐거움이 함께하는 웰니스 축제",진안홍삼축제,2023.09.22 ~ 2023.09.24,"대한민국 유일의 홍삼특구인 진안 마이산 북부 일원에서는 매년 가을 홍삼축제가 열린다. 믿고 먹을 수 있는 질 좋은 홍삼과 홍삼으로 만든 다양한 음식들을 맛볼 수 있는 축제이다. 홍삼이 낯선 아이들을 위한 홍삼제품 만들기, 홍삼랜드 스탬프투어 등의 체험 프로그램들과 궁중무예와 전통공연, 트로트 페스티벌 등 볼거리가 준비되어 있으며, 진안군수가 품질을 인증한 고품질의 홍삼제품도 시중가보다 저렴하게 구매할 수 있다.",https://kfescdn.visitkorea.or.kr/kfes/upload/contents/db/fdb11408-6de8-46ea-b051-faac6fc020a7_3.jpg,전북특별자치도 진안군 마이산로 160,35.7731727,127.4161888
2023 전북특별자치도 청년축제 '청년함성'(전북특별자치도와 청년이 함께 성공하자),전북특별자치도 청년축제,2023.09.16 ~ 2023.09.16,"전북특별자치도 청년축제 ‘청년함성’은 전북특별자치도와 군산시가 공동 주최하고, 전북청년축제기획단, 전북청년허브센터, 군산시 청년뜰이 주관한 청년의 날 기념 화합과 소통의 장으로 2023년 9월 16일 토요일 군산 근대역사박물관 대형 주차장에서 진행된다.전북특별자치도 청년축제는 청년들의 자발적 참여 및 주도적 기획을 반영한 청년 참여형 축제로 기념식, 청년소통토크쇼, 청년정책포럼, 문화공연 등을 운영한다. 이와 더불어 청년정책 홍보부스 ‘로컬존’, 청년창업 판매부스 ‘창업존’, 힐링부스 ‘힐링존’을 운영하여 청년참여자들에게 다채로운 볼거리와 체험 등 즐길거리를 제공한다.",https://kfescdn.visitkorea.or.kr/kfes/upload/contents/db/6e618b70-4c1b-4e9b-b867-90b752aab882_2.jpg,전북특별자치도 군산시 장미동 1-7,35.98967,126.7152
'고창 방문의 해' 정원과 지역을 살리는 현명한 로컬여행,고창 핑크뮬리 축제,2023.09.15 ~ 2023.11.05,"식물 및 정원관광 콘텐츠를 발굴하여 정원관광을 활성화하고 방문객들의 관광소비가 지역에 골고루 흡수되며 소멸해가는 지역을 살리는 방향으로 재투자되기를 희망하며 꽃파티​를 진행한다. 고창 방문의해를 맞이하여 지역의 맛집, 숙소, 체험, 관광명소 등도 방문하며 지역사회의 발전에 기여하는 현명한 '로컬여행'에 참여할 수 있다.",https://kfescdn.visitkorea.or.kr/kfes/upload/contents/db/765890a8-4873-46bc-9f1f-56bf680e12cf_3.jpg,전북특별자치도 고창군 부안면 복분자로 307,35.5026952,126.6264274
,전주세계소리축제,2023.09.15 ~ 2023.09.24,"판소리와 전통음악을 중심으로 월드뮤직과 다양한 장르의 음악을 아우르는 글로벌 음악축제로 해마다 가을에 열린다. 2023년은 상생과 회복(Coexistence and Resilience)이라는 키워드로 당대 최고의 명인과 국내외 최고의 명작, 아시아를 포커스로 한 월드뮤직, 지역예술가들과 신진 예술가들의 무대, 어린이 소리축제 등 다채로운 프로그램들을 만날 수 있다.",https://kfescdn.visitkorea.or.kr/kfes/upload/contents/db/53c52570-a9de-4e11-8a33-b363c1b2b724_3.png,전북특별자치도 전주시 덕진구 소리로 31 소리문화전당,35.854844,127.1372271
"공감각이 폭발하는 9월의 전주, 그리고 전주 한옥마을!",전주재즈페스티벌,2023.09.15 ~ 2023.09.17,"재즈의 선율 그리고 다양한 예술분야(뮤지컬, 설치미술 등)와의 접목을 통해 틀에 얽매이지 않고 무엇이든 시도할 수 있는 재즈의 정신과 전주 한옥마을만의 분위기가 어우러져 리스너들의 공감각을 다채롭게 채워줄 제2회 전주재즈페스티벌이다.",https://kfescdn.visitkorea.or.kr/kfes/upload/contents/db/1368df96-9e1a-4cbb-943f-e67bac3ace60_2.png,전북특별자치도 전주시 완산구 태조로 44 경기전,35.8162368,127.1493531
대한민국 최초의 Red color festival(레드 컬러 페스티벌),장수 한우랑 사과랑 축제,2023.09.14 ~ 2023.09.17,"'장수 한우랑 사과랑 축제'는 장수군의 대표 농특산물인 한우, 사과, 토마토, 오미자 등 red컬러를  테마로 한 대한민국의 대표 농특산물 축제이다. ",https://kfescdn.visitkorea.or.kr/kfes/upload/contents/db/2387725a-dc4a-4b19-8d5d-2a4d954d00d7_2.jpg,전북특별자치도 장수군 장수읍 한누리로 393,35.6411139,127.5181049
"잇다, 無에서 YOU",무형유산이음축제,2023.09.09 ~ 2023.09.09,"단풍이 물들기 시작하는 9월. 전라감영이 우리의 것으로 아름답게 물든다. 우리의 것에서 느낄 수 있는 익숙하고도 새로운 모습. 9월 9일, 전라감영에서 7가지 다채로운 프로그램을 즐겨볼 수 있다.",https://kfescdn.visitkorea.or.kr/kfes/upload/contents/db/af9b0e78-f856-4f48-b5c8-cb3014d94fe3_2.jpg,전북특별자치도 전주시 완산구 전라감영로 55 전라감영,35.8165977,127.1459272
" 용화세계, 백제人 익산",익산 미륵사지 미디어아트 페스타,2023.09.09 ~ 2023.10.09,"""용화세계, 백제人 익산"" 과거, 현재, 미래로의 백제 여정을 떠난다.2023 익산 미륵사지 미디어아트 페스타는 익산 미륵사지를 기반으로 창조적인 미디어아트를 활용한 행사이다. 매일 밤 펼쳐지는 익산 미륵사지의 동탑과 서탑을 연결한 대형 스크린에서 펼쳐지는 프로젝션 맵핑, 무용과 함께 토요일과 일요일에 진행되는 <융복합 미디어아트쇼>. 토요일에 진행되는 <드론 미디어아트쇼> 등 미륵사지 전역은 야경을 즐길 수 있는 환상적인 공간으로 변한다.",https://kfescdn.visitkorea.or.kr/kfes/upload/contents/db/598c5ace-ca37-41be-b180-e01f4a467008_3.jpg,전북특별자치도 익산시 금마면 기양리 32-7  익산 미륵사지 일원,36.01178,127.0305
문화유산을 다채롭게 즐길 수 있는 옛 김제 속으로 여러분을 초대합니다.,김제 문화재 야행,2023.09.08 ~ 2023.09.10,"2023년 김제 문화재 야행은 9월 8일부터 9월 10일까지 3일간 개최된다. 조선시대 교육기관과 행정기관이 함께 보존되어 온 사적 '김제군 관아와 향교'에서 '달빛 풍류, 금빛 야행'이라는 부제로 진행된다. 소설 '아리랑'의 주 배경이 된 징게맹갱 외에밋들 김제, 한반도의 곡창지대라 불리는 전북특별자치도 김제의 아픈 역사를 지니고 있다. 금빛이 시작되는 가을 밤, 아픈 역사 속에서도 김제의 문화재를 보존하며 지켜온 얼을 아름다운 달빛 아래 담아내고자 한다.",https://kfescdn.visitkorea.or.kr/kfes/upload/contents/db/8f730208-87e1-490a-b384-071e97f7056c_3.jpg,전북특별자치도 김제시 향교길 89-3   사적 김제군 관아와 향교,35.8004019,126.879378
익산 다e로움 상권활성화 대고객 감사페스티벌의 일환으로 펼텨지는 다다영등 얼맥 페스티벌,다다영등 얼맥 페스티벌 ,2023.09.08 ~ 2023.09.09,"다다영등 상권에서 펼쳐지는 대고객 감사 페스티벌의 일환으로 2023 다다영등 얼맥 페스티벌이 개최된다. 익산 쇼핑문화의 중심, 다다영등 상권에서 2023 얼맥 페스티벌과 함께 마지막 무더위 시원하게 날려버릴 수 있다.",https://kfescdn.visitkorea.or.kr/kfes/upload/contents/db/da628759-f14b-435d-a604-5025565902ae_2.png,전북특별자치도 익산시 무왕로13길 18 영등2동주민센터  익산시 영등2동 행정복지센터 앞 주차장 및 고봉로32길 일원,35.960064,126.9769928
"동편제 마을 고유의 환경적·문화적 자산을 활용한 예술성과 전문성이 겸비된 국악축제	",동편제 국악 축제,2023.09.02 ~ 2023.09.03,"전북특별자치도 남원시 운봉읍은 우리나라 3대 악성 중 한명인 옥보고가 거문고를 크게 발전시킨 곳으로 알려져 있다. 운봉읍 화수리에 하고 있는 비전·전촌마을은 판소리 중시조인 송흥록, 국창 박초월의 생가와 국악의 성지가 있어 판소리 명인들의 고향이자 유적지로 동편제 태동지라 불리고 있다. 또한, 이성계의 황산대첩을 기념해 세운 사적 황산대첩비가 있으며 지리산 둘레길 2코스가 지나고 있어 아름다운 자연 절경과 시골의 정겨움이 느껴지는 곳이다. 동편제 판소리 유·무형의 역사적 자산을 배경으로 마을에서는 [동편제 체험관] 등을 운영하며 마을의 이야기를 알리기 위한 활동이 활발하다.",https://kfescdn.visitkorea.or.kr/kfes/upload/contents/db/ac290b3d-96c0-4f3c-abfc-e61edbe91232_2.png,"전북특별자치도 남원시 비전길 7 가왕송흥록,국창박초원생가  비전마을 정자 앞",35.4575344,127.5626725
" 보석도시 익산, 익산은 보석이다!",익산보석문화도시 AR보물찾기 진!짜! 축제,2023.09.01 ~ 2023.09.03,"제2회 익산보석문화도시 AR보물찾기 진!짜! 축제는 2023. 09. 01.(금) ~ 09. 03.(일) 3일간 운영된다.메인 행사1. AR 보물찾기 'Let's Go! 골드 RUN! 다이아 3캐럿의 주인공은?' 익산귀금속보석산업단지 및 익산보석박물관 일원의 거리와 공간을 탐색할 수 있는 보물찾기 프로그램이 운영된다.메인 행사2. 보석 RPG '골드바를 얻으려는 자! 뛰어라, 익산즈러너!'라는 익산귀금속보석산업단지의 거리와 공간을 탐색할 수 있는 미션형 체험 프로그램이 운영된다.익산 내 귀금속 보석 산업 종사자 및 전문가와 연계하여 보석의 가치를 산업이 아닌 문화로 전환될 수 있도록 테마형 축제 프로그램을 운영하게 되었다.",https://kfescdn.visitkorea.or.kr/kfes/upload/contents/db/5ae277af-e537-4df4-835f-d4f8d91845f0_2.jpg,전북특별자치도 익산시 선화로63길 16 PR쥬얼리  영등동 익산귀금속보석산업단지 및 익산보석박물관 일원,35.9477654,126.9745067
"빨간 맛 가득, 신(辛)바람 고창해풍고추",고창해풍고추축제,2023.08.26 ~ 2023.08.27,유네스코 생물권 보전지역인 청정 고창의 바닷바람을 맞고 자란 고창해풍고추를 테마로 '제27회 고창해풍고추축제'를 개최한다. 게르마늄과 미네랄이 풍부한 고창 해풍고추를 저렴하게 살 수 있다.,https://kfescdn.visitkorea.or.kr/kfes/upload/contents/db/9cd25f3d-a38e-45a1-bd6c-973a571e886a_3.jpg,전북특별자치도 고창군 녹두로 1265 고창군농산물유통센타  고창군 농산물유통센터 일원,35.4347241,126.6840957
더위를 시원하게 날려버리는  여름먹거리축제,전주 모래내 치맥&가맥페스티벌,2023.08.25 ~ 2023.08.26,"제6회 전주 모래내시장치맥&가맥페스티벌! 더욱 맛있어진 시장통닭과 맥주, 모래내표 수제맥주와 다양한 안주와 공연이 함께어우러져 무더운 여름을 쉬원하게 날려버리는 힐링여름 먹거리 축제이다.",https://kfescdn.visitkorea.or.kr/kfes/upload/contents/db/9cd25f3d-a38e-45a1-bd6c-973a571e886a_3.jpg,전북특별자치도 전주시 덕진구 모래내4길 8-8   모래내시장길 일대,35.8335488,127.1438454
하이트진로 전주공장에서 당일 생산된 맥주를 즐길 수 있는 대한민국 유일한 축제,전주 가맥축제,2023.08.17 ~ 2023.08.19,"오늘 만든 맥주를 오늘 마실 수 있는 전국 유일한 축제인 전주가맥축제! 하이트 전주 공장에서 당일 생산된 가장 신선한 맥주를 마시며 다양한 공연, 이벤트, 가맥축제의 랜드마크인 얼음연못까지 즐길 수 있다. 8월 17일부터 19일까지 3일간 전주에서 더 없이 뜨겁고, 시원한 축제의 현장에 직접 참여할 수 있다.",https://kfescdn.visitkorea.or.kr/kfes/upload/contents/db/e50beba3-79b9-4b7f-9cde-4780231d43c2_3.jpg,전북특별자치도 전주시 덕진구 기린대로 451 전주종합경기장  일원,35.8389977,127.1263112
"다양한 장르의 무형문화유산 공연, 3박 4일간의 신명난 여정! “필봉마을굿축제”",필봉마을굿 축제,2023.08.17 ~ 2023.08.20,",t\ 28�| �tX� D	�D �� xX4 �t� m 48T�\ � ��D	�ED Do\ m��x �\ 4 �D \��� �}`  �� �\, �qX e� �, �D h� �|� �8  �� �t�. t� ��� ��D	�ED Do\ �����E, t��E, �����E� �� �t, ����t, ���x�, �1$ , �0, ��;@, ����t� ��, �� l� �<�X �� �<, tx p q  � �� � ��, Ȥ, �0, x�t, ��, 4�LE� 4��, ���t, � X�� 4X�X �\ 4 � ��D  \X� 8T� ��  �l��X ��D \ � �� $ot ̘�  ��.  \ 7� 28|�0 8� 17|L� � 0  3�, � 0  1� ĉ� �t 4 �X� ����X ��\  �- | �x �T�X  8(��)��@ �1�$ 4�, �E � h�X� $� �t D	|X,  8계적인 국악 밴드‘악단광칠’이 출연하여 축제의 열기를 한껏 돋울 계획이다.    이외에도 갈고닦은 자신의 기량을 맘껏 발휘할 수 있는 개인놀이 경연대회와 양순용배 풍물굿 경연대회, 누구나 참여 가능한 전수교육 체험교육‘천하제일 상쇠뽑기’, 짚풀공예, 윷점치기, 용 그리기 등 무형유산을 활용한 상시체험, 학술 세미나, 기획전시 등 다채로운 프로그램이 필봉마을굿 축제를 찾는 이들에게 더욱 풍성한 볼거리와 즐길거리를 제공한다.",https://kfescdn.visitkorea.or.kr/kfes/upload/contents/db/6730fae1-e4d2-43d4-bdc8-85d6c2d8ab05_3.png,전북특별자치도 임실군 강진면 강운로 272 필봉문화촌,35.5363925,127.1544424
"정읍천의 아름다운 자연경관과 어우러진 빛과 물, 음악이 함께하는 도심형 야간 축제",정읍 물빛축제 ,2023.08.12 ~ 2023.08.15,"정읍천의 아름다운 자연경관과 어우러진 빛과 물, 음악이 함께하는 도심형 야간 축제로, 남녀노소 모두가 즐길 수 있는 여름 축제이다.",https://kfescdn.visitkorea.or.kr/kfes/upload/contents/db/5955ab83-2a38-45de-904e-1522d087d938_2.jpg,전북특별자치도 정읍시 시기동 530 정읍천변 어린이축구장,35.56076,126.8564
군산 근대역사지구에 방문하는 모든 방문&관광객들이 함께 즐기는 여름밤 문화재 향유 행사,군산문화재야행,2023.08.10 ~ 2023.08.12,"군산 문화재 밀집구간에서 야간에 문화재를 향유하는 야간형 행사이다.  군산 근대역사지구에 방문하는 모든 방문&관광객들이 54개 이상 프로그램으로 다양한 볼거리와 체험거리로 한 여름밤 군산 문화재를 가족,연인,친구와 함께 알아가는 야간형 행사이다.",https://kfescdn.visitkorea.or.kr/kfes/upload/contents/db/9c61604a-7abf-4397-a916-8b6d64a70447_3.jpg,전북특별자치도 군산시 구영2길 9 군산 내항 및 원도심 일원,35.9876808,126.7079188
변산해수욕장에서 펼쳐지는 댄스 비치파티 ,변산비치파티,2023.08.04 ~ 2023.08.06,"변산비치파티는 전북 부안군 변산해수욕장에서 열리는 해변 파티형식의 축제이다. 국내 유명 댄서들의 축하공연과 비치댄스 경연대회가 열리며, 다양한 체험 프로그램이 준비된 체험존과 물놀이를 즐기는 워터플레이존, 물총싸움존과 인생샷을 남길 모래조각존으로 구성되어있다. 낮에는 뜨겁지만 시원한 물놀이, 밤에는 즐거운 공연과 불꽃놀이로 여름날의 추억을 쌓을 수 있다.",https://kfescdn.visitkorea.or.kr/kfes/upload/contents/db/21caf6e8-2997-4f50-83d8-39d231ae1c03_2.jpg,전북특별자치도 부안군 변산면 대항리 567,35.67513,126.5271
공포 콘텐츠와 실감콘텐츠를 접목한 최첨단 공포 홀로그램 페스티벌을 익산에서 개최,호러 홀로그램 페스티벌,2023.08.01 ~ 2023.08.06,"익산 대표 이색 관광지인 익산 교도소 세트장에서 펼쳐지는 홀로그램 퍼포먼스 체험을 통한 차별화된 공포 페스티벌이다. 공포 실감 콘텐츠와 방문객이 직접 참여하는 오감 콘텐츠를 접목한 유일무이한 교도소 공포체험으로 풍부하고 몰입도 높은 콘텐츠를 통해 오싹하고 생생한 공포를 느낄 수 있다.페스티벌 기간 동안 펼쳐지는 특별이벤트인 공포 코스튬 콘테스트,공포 음악회와 교도소 운동장에서 함께 공포영화를 관람하는 공포시네마, 공포테마의 식음료를 즐기고 휴식을 취할 수 있는 어둠의 피크닉 등을 운영하여 볼거리,즐길거리가 풍성한 이색 축제를 즐길 수 있다.",https://kfescdn.visitkorea.or.kr/kfes/upload/contents/db/ea1b1692-d2a6-4062-ab31-44b91d01cc79_3.png,전북특별자치도 익산시 함낭로 207 교도소 세트장,36.0694448,126.930586
최장워터슬라이드+워터바운스+놀이기구+워터풀까지 시원한 여름을 날릴 수 있는 변산바다축제,부안워터페스티벌,2023.07.08 ~ 2023.08.20,부안 변산해수욕장의 아름다운 해변을 바라면서 워터축제를 즐길 수 있는 부안워터페스티벌!!워터슬라이드 + 에어바운스 + 워터풀 + 놀이기구 등 마감시간까지 이용가능 하다!,https://kfescdn.visitkorea.or.kr/kfes/upload/contents/db/5ad7cc47-3142-4c1d-a2c7-028bac3ac465_3.jpg,전북특별자치도 부안군 변산면 대항리 614 챌린지테마파크,35.6815157,126.5347008
붉은 노을빛 역사거리를 걷다,무주 문화재 야행,2023.06.23 ~ 2023.06.24,무주人의 정신적 중심과 같은 무주 한풍루(보물)를 중심으로 지역을 대표하는 지역문화유산과 자연문화유산을 ‘밤(夜)’테마로 낮에는 느낄 수 없는 문화재의 가치 인식과 이를 통해 많은 사람들이 향유할 수 있는 기회를 제공한다.,https://kfescdn.visitkorea.or.kr/kfes/upload/contents/db/d0c962b3-b226-49b7-9733-cb8cce83d978_3.jpg,"전북특별자치도 무주군 최북로 15 최북미술관, 김환태문학관",36.0029918,127.6651831
,고창복분자와 수박축제,2023.06.16 ~ 2023.06.18,고창 복분자와 수박 등 농특산품 홍보 및 판매,https://kfescdn.visitkorea.or.kr/kfes/upload/contents/db/9f5b4b9f-ae7e-4943-843b-85bc0ab7480d_2.png,전북특별자치도 고창군 아산면 삼인리,35.4907,126.5712
,군산 수제맥주&블루스 페스티벌,2023.06.16 ~ 2023.06.18,보리와 맥주의 주산지 군산에서 즐기는 진짜 우리 맥주!근대 항구에서 국내외 16개 블루스밴드의 화려한 연주와 함께 즐길 수 있다. '군산 수제맥주&블루스 페스티벌'은 국내 유일의 로컬 수제맥주 축제이다.,https://kfescdn.visitkorea.or.kr/kfes/upload/contents/db/d4cc7444-ffa9-41e9-ac22-3ab1f2bcae81_2.png,전북특별자치도 군산시 해망로 240 군산근대역사박물관,35.9908218,126.7120518
"내 삶에 추억을 선물하세요	",완주 대둔산 축제,2023.06.03 ~ 2023.06.04,2023 ,https://kfescdn.visitkorea.or.kr/kfes/upload/contents/db/9fa8ba51-d09a-415e-b60d-2ceed448950f_2.png,전북특별자치도 완주군 운주면 산북리,36.10759,127.32479
"경기전에서 함께하는 역사문화축제, 매월 세 번째 토요일 여러분을 초대합니다!","태조어진 봉안축제 - 풍패지향 전주, 태조어진을 뫼시다",2023.05.20 ~ 2023.10.21,"2023년 생생문화재 <태조어진 봉안축제-풍패지향 전주, 태조어진을 뫼시다>는 경기전 태조어진 봉안을 주제로 경기전 내 다양한 문화유산의 역사적 의미와 가치를 전주의 인적·물적 자원과 결합하여 축제, 공연, 체험 프로그램 기획·제작 및 운영 등을 통해 전주 시민과 관광객의 문화 향유 수요를 충족시키고, 나아가 전통문화 중심도시로서 전주의 정체성을 확립하는데 기여하는 행사가 되고자 한다.",https://kfescdn.visitkorea.or.kr/kfes/upload/contents/db/4803d72b-cf63-460d-9b4f-61c974315dfd_3.jpg,"전북특별자치도 전주시 완산구 태조로 44 경기전  경기전(오목대,전주역사박물관,국립무형유산원 등)",35.8162368,127.1493531
"의로운 반려동물을 기리는 축제	",임실N펫스타,2023.05.05 ~ 2023.05.07,"반려동물 클러스터 도시로 성장하고 있는 임실에서 열리는 임실N펫스타는 도전적이고 실험적인 프로그램을 반영하는 대한민국 대표 반려동물 문화축제입니다. 대한민국 반려동물 문화축제를 대표하고 차별화된 정체성과 새로운 반려동물의 체험이라는 가치를 내걸고, 전세계 애견인들이 만나고 소통하는 기회의 장입니다. ",https://kfescdn.visitkorea.or.kr/kfes/upload/contents/db/733ec4a3-66ac-4ead-ba9d-bf1e677de9df_2.jpg,전북특별자치도 임실군 충효로 2096-16 임실군문화체육센터,35.5451429,127.3327476
대한민국에서 가장 넓은 보리밭에서 개최되는 2023 지평선 추억의 보리밭 축제,지평선 추억의 보리밭 축제,2023.05.13 ~ 2023.05.14,"지평선 추억의 보리밭 축제는 대한민국 최대규모의 보리밭을 보유하고, 새만금 중심도시인 김제시의 진봉면을 중심으로 매년 5월 진행된다. 드넓은 보리밭 경관과, 다양한 관광명소를 지니고 있는 진봉면을 널리 알리고, 온라인으로 함께 즐길 수 있는 다양한 프로그램과 지역특산품을 경품으로 받을 수 있는 이벤트들이 준비되어 있다. 이번 축제는 새만금으로 행사장을 변경하여 전보다 3배 커진 보리밭을 만나볼 수 있다. 지평선 추억의 보리밭 축제 (http://barleyfestival.com/)를 통해 가족들과 즐거운 시간을 남길 수 있다.",https://kfescdn.visitkorea.or.kr/kfes/upload/contents/db/dca983b6-0948-44e0-a607-f0da01315260_3.jpg,전북특별자치도 김제시 진봉면 심포리,35.8567,126.7056
"아름다운 봄밤의 낭만, 백제의 숨결가득한 익산문화유산야행",익산 문화유산 야행,2024.04.19 ~ 2024.04.21,"백제 무왕의 천도지인 왕궁리유적과 왕궁리 5층 석탑이 살아 숨 쉬고 있는 ‘익산 문화유산 야행’의 밤이 내리면 아름다운 문화유산들 사이로 익산의 역사가 흐르고 ‘익산 문화유산 야행’이 시작된다.아름다운 봄밤의 낭만, 백제의 숨결 가득한 익산의 세계유산 백제왕궁에서 열린다.",https://kfescdn.visitkorea.or.kr/kfes/upload/contents/db/44bab281-8e00-4e18-8cf0-4efe60a8b32e_3.jpg,전북특별자치도 익산시 왕궁면 궁성로 666,35.9715598,127.0558096
초록물결~ 음악노트♬,고창청보리밭 축제,2024.04.20 ~ 2024.05.12,"�= ��- �� ��ĐX� �=pX �� �ܐ�  X�x ��-D �<\ X� �=pX  \�t�. 2004D �L \\ t�\ t�� �� 50�� �t )8X� m �  ��X 1�� �\ � $� �| �� � ��. �X �! 0   � D�� L� �� 0t|� \�. �   � X�x ��D `� t 0, �D 4� �0 5� L� �=p �Lt YЍ� | X } 77̡ E� �= ��- �� �x�X ��D ���.  �� �X� i��� ��X ��@ $ � � L\�t ���t �䴴� LEX ��� D�X�� ���, t� 21� �� ��-� LED �\ �X�. ] <� LE x�|� �\t D� T� �Dm� e�� ��<\, $� 4� 20|�0 5� 12|L� )8X xLD h� ް� t�. � 0 �� $D �qܤ� \��D ��`  �D �t�. ��@  DCt \X� ��� ��-D �t �t, 8 �� � �= p�t �ܔ �\ ���X LED �<t �t, �� �� ���<\ �� L�D 9<t �t, � �t0  � �� ��0 ��D Xt 	t, ��- �� ��X� ��� ��t Tt8 $� �0| �0t �t �p� �t�. �� 21� ��- �� 8  �X �\| � \X� \�. ��, LE<\ ��X� �-t�. �\ �tX LE ��<\ �D\� � �0| p1X� )8t h� ����� \�. X�, Dt�X �t � U t�. � �  � �L �t0  � �  (�0 ��X l1<\ Dt��t �8  �� \�D 0�X �. �\ xt �| �8  �� �9 | 0t�� U X� \�. ���<\, ��X ���| �t� �t�. �� �0 p, t�� T�� �$, $ 0�l   �X )HD �X� \�.",https://kfescdn.visitkorea.or.kr/kfes/upload/contents/db/44bab281-8e00-4e18-8cf0-4efe60a8b32e_3.jpg,전북특별자치도 고창군 공음면 학원농장길 150,35.3753771,126.5432801
봄날의 음악 소풍! 2024 모악산 뮤직페스티벌,김제 모악산 뮤직페스티벌,2024.04.27 ~ 2024.04.28,"봄날의 음악 소풍! 모악산 뮤직페스티벌은 아름다운 선율과 다채로운 음악으로 풍성하다. 모악산의 생동하는 봄 풍경 속에서 감성 충만 공연과 포토존, 어린이 관객을 위한 피에로 아트풍선, 먹거리․농특산물 장터, 플리마켓 등 힐링 프로그램을 즐길 수 있다. ",https://kfescdn.visitkorea.or.kr/kfes/upload/contents/db/97becea1-55bc-4f27-866e-6c786743b23d_3.jpeg,전북특별자치도 김제시 금산면 금산리 99-2,35.72035,127.0475
"5월의 선물, 가족여행 부안!",부안마실축제,2024.05.03 ~ 2024.05.06,"*대표먹거리정보는 전년도(2023년) 축제 내용으로, 2024년도 대표먹거리 정보는 업데이트 중에 있습니다.*5월 3일~6일, 4일간 부안 해뜰마루 지방정원에서 개최되는 「제11회 부안마실축제」는 5월 가정의 달을 맞아 가족 및 친구들과 축제장을 방문하여 부안의 관광, 자연, 문화자원 등 부안의 모든것을 다채롭게 즐길 수 있으며, 누구나 자유롭게 관람 및 참여 가능하다.",https://kfescdn.visitkorea.or.kr/kfes/upload/contents/db/0404dd7d-69d7-4396-80ed-0066a0c84ec7_3.jpg,전북특별자치도 부안군 부안읍 별천지로 3 부안 해뜰마루 지방정원,35.7258016,126.741652
백제 서동과 신라 선화공주의 사랑을 테마로 한 축제,익산서동축제,2024.05.03 ~ 2024.05.06,익산은 서동설화와 서동요가 살아있는 천년고도 백제왕도(王都)로 서동요를 통해 선화공주의 사랑을 얻고 마침내 백제 30대무왕으로 등극해서 삼국통일의 웅지를 펼치려 했던 서동의 탄생지이다. 익산서동축제는 1400년 전 익산에서 태어난 백제의 서동(무왕)과 적국이었던 신라 선화공주와의 국경을 초월한 사랑을 이야기한 역사문화축제로서 1969년 마한민속제전에서 출발하였으며 2004년 익산서동축제로 축제명이 변경되어 매년 개최되고 있다.,https://kfescdn.visitkorea.or.kr/kfes/upload/contents/db/1429937d-d447-4586-a59f-cf36e7153c63_3.jpg,전북특별자치도 익산시 금마면 고도9길 41-14,36.0009152,127.058572
"춘향, color 愛 반하다 ",춘향제,2024.05.10 ~ 2024.05.16,"남원시는 해마다 5월이면 춘향과 이몽룡이 처음 만난 날에 맞추어 <춘향제>를 개최한다. 1931년 음력 5월 5일 춘향제사를 지내면서 시작된 춘향제는 94년이라는 유구한 시간을 이어온, 대한민국의 가장 오랜 역사를 지닌 공연예술형, 시민참여형 축제이자 지역축제의 효시로 알려져있다.",https://kfescdn.visitkorea.or.kr/kfes/upload/contents/db/31a0fb6b-c075-402b-9cf7-a79e16451aab_3.jpg,전북특별자치도 남원시 요천로 1447 광한루,35.4032843,127.3795144
"동학농민혁명, 모두의 하늘을 열다",동학농민혁명기념제,2024.05.11 ~ 2024.05.12,동학농민혁명기념제에는 매년 양력 5월 개최되는 행사로서 조선시대 봉건제도의 학정에 대한 순수한 농민의 개혁혁명운동의 발상지로서 근대화를 앞당겼고 민족독립운동에 커다란 영향을 끼친 의미있는 행사이다.,https://kfescdn.visitkorea.or.kr/kfes/upload/contents/db/a7dae5e5-385d-4629-ab38-a38b7e030e5e_2.png,전북특별자치도 정읍시 덕천면 동학로 742,35.6337037,126.8301179
"보랏빛 향기로 가득한 고창청농원 라벤더가든을 소개합니다!		",고창청농원 라벤더가든,2024.05.17 ~ 2024.06.23,"고창청농원은 고창군 공음면에 한 팜스테이 관광지로, 2만여평의 넒은 공간에 봄여름에는 라벤더,수국정원, 가을에는 핑크뮬리 정원 관람 서비스를 제공하고 있으며, 시즌외에도 계절별 화훼들을 구경할 수 있도록 가꾸고 있다. 약 4,000여평의 라벤더정원에는 다양한 포토존이 준비되어 있고, 한옥과 라벤더를 같이 볼 수 있는 독특한 뷰가 매력적인 곳이다. 또한 사진을 찍고 주변 숲길까지 산책이 끝난 후 쉼터에 앉아 정원을 가만히 감상하다보면 마음이 편안해진다. 청농원의 또다른 장점은 초등학생까진 무료입장인 점과 반려견 동반이 가능하여(단, 12kg미만 중형견) 연인뿐만 아니라 온가족이 함께 좋은 추억을 남기기에 좋은 장소이다.",https://kfescdn.visitkorea.or.kr/kfes/upload/contents/db/a7dae5e5-385d-4629-ab38-a38b7e030e5e_2.png,전북특별자치도 고창군 공음면 청천길 41-27 고창 청농원,35.3736035,126.5350615
청정환경지표인 반딧불이를 소재로 자연과 인간이 공존하는 삶의 가치를 공유하는 문화관광축제,무주반딧불축제,2024.08.31 ~ 2024.09.08,"*하기 행사 내용은 전년도(2023년) 행사 내용으로, 2024년도 행사 내용은 업데이트 중에 있습니다.*생태문화축제, 생태환경축제, 생태 예술축제, 생태교육축제 등 생태를 테마로 문화 환경 예술 교육이 함께하는 축제이다. 무주반딧불축제기간 관람객들은 셔틀버스를 타고 반딧불이 탐사지로 떠나는 반딧불이 신비탐사, 남대천 생명플러스 등 생태환경프로그램과 조선왕조실록 이안행렬, 안성두문낙화놀이 전통문화공연 등과 같은 다양한 프로그램을 볼 수 있으며 자연환경을 체험할 수 있다.",https://kfescdn.visitkorea.or.kr/kfes/upload/contents/db/a7dae5e5-385d-4629-ab38-a38b7e030e5e_2.png,전북특별자치도 무주군 한풍루로 326-14 등나무운동장,36.0026206,127.6614905
한국치즈의 발상지 전라북도 임실! 임실N치즈의 우수성과 역사성을 경험해보자,임실N치즈축제,2024.10.03 ~ 2024.10.06,"*하기 행사 내용은 전년도(2023년) 행사 내용으로, 2024년도 행사 내용은 업데이트 중에 있습니다.*1967년 시골마을인 임실로 선교활동을 하러 온 지정환 신부가 산양 두 마리를 시작으로, 마을 청년들과 함께 만들어낸 대한민국 최초 치즈를 테마로 메인 축제장인 임실치즈테마파크에서 문화·역사·관광자원을 활용한 프로그램을 운영하여 임실N치즈의 가치와 지정환신부의 정신을 알리는 축제이다.",https://kfescdn.visitkorea.or.kr/kfes/upload/contents/db/c3d27433-8ec5-44a1-afa4-47a43f92e8d8_3.jpg,전북특별자치도 임실군 성수면 도인2길 50 (성수면),35.63312,127.3012736
하늘과 땅이 만나는 드넓은 김제평야 지평선과 벽골제에서 우리나라 전통 농경문화를 체험하자,김제지평선축제,2024.10.02 ~ 2024.10.06,"*하기 행사 내용은 전년도(2023년) 행사 내용으로, 2024년도 행사 내용은 업데이트 중에 있습니다.*대한민국 명예대표 문화관광축제 중 유일하게 전통농경문화를 주제로 개최하는 김제지평선축제는 우리나라 최고(最古), 최대(最大) 수리시설인 김제 벽골제를 중심으로 진행된다. 지평선을 무대로 개최되는 대통령배 전국 농악경연대회를 비롯한 다양한 볼거리와 아궁이 쌀밥 짓기, 메뚜기 잡기, 벼 수확 체험 등 각종 농경문화체험프로그램 및 농특산물 태극기 퍼포먼스, 삼색 쌀 가래떡 퍼포먼스와 같은 이슈메이킹 프로그램도 현장에서 참여할 수 있다.",https://kfescdn.visitkorea.or.kr/kfes/upload/contents/db/c3d27433-8ec5-44a1-afa4-47a43f92e8d8_3.jpg,전북특별자치도 김제시 벽골제로 442,35.7553583,126.8535125
"발효왕국 순창에서 전통장 명인, 기능인과 함께하는 2024 순창 장 담그는 날",순창 장 담그는 날 '장날',2024.04.13 ~ 2024.04.13,"오는 4월 13일(토) 순창전통고추장 민속마을 일원에서 2024 순창 장 담그는 날이 열린다. 해당 행사는 전통장 명인 및 기능인과 함께 만드는 장 담그기 프로그램을 통해 발효문화 콘텐츠를 알리기 위해 진행되며, 각종 공연 및 체험 프로그램들이 준비되어 있다.",https://kfescdn.visitkorea.or.kr/kfes/upload/contents/db/e6131ace-a2d0-4f5c-8d95-40d09046f1d7_3.jpg,전북특별자치도 순창군 순창읍 장류로 55,35.3678634,127.1110969
